﻿ListSchema={"schemaXmlList":["<Field ID=\"{fa564e0f-0c70-4ab9-b863-0177e6ddd247}\" Type=\"Text\" Name=\"Title\" DisplayName=\"Title\" Required=\"FALSE\" SourceID=\"http://schemas.microsoft.com/sharepoint/v3\" StaticName=\"Title\" FromBaseType=\"TRUE\" MaxLength=\"255\" />","<Field ID=\"{c15a54b9-03b7-4293-839d-62888e5a117a}\" DisplayName=\"Nom_Partie\" Name=\"field_1\" StaticName=\"field_1\" Type=\"Text\" />","<Field ID=\"{743a4467-8ddd-4b21-8f49-87ffa752584f}\" DisplayName=\"Contenu\" Name=\"field_2\" StaticName=\"field_2\" Type=\"Text\" />"]}
"Title","Nom_Partie","Contenu"
"chronometre","Test",
"score_equipe_1","Test","24"
"score_equipe_2","Test","24"
"mots_devine","Test","Noir;Licorne;Pièce;Filet;Noël;Ceinture;Cellule;Fuite;Plan;Nɶud;Banane;Numéro;Boulet;Palais;Campagne;Ensemble;Restaurant;Laser;Araignée;Neige;Étude;Air;Avocat;Résistance;Bête"
"mots_equipe_1","Test","Noël;Banane;Étude;Laser;Boulet;Palais;Noir;Campagne;Licorne"
"mots_equipe_2","Test","Plan;Nɶud;Cellule;Air;Ensemble;Neige;Fuite;Résistance"
"mot_noir","Test","Araignée"
"indice_mot","Test","Test"
"indice_chiffre","Test","2"
"mots_trouves","Test","Noir;Licorne;Fuite;Plan;Filet"
"tour","Test","espion_2"
"nb_mots_trouves_tour","Test","0"
